City_ID,City,Lat,Lng,Max Temp,Humidity,Cloudiness,Wind Speed,Country,Date
0,blackmans bay,-43.0167,147.3167,17.07,68,100,2.09,AU,1706697972
1,banda aceh,5.5577,95.3222,28.52,75,58,5.34,ID,1706697972
2,manggar,-2.8833,108.2667,26.38,85,100,1.51,ID,1706697973
3,adamstown,-25.066,-130.1015,23.44,91,100,12.13,PN,1706697754
4,kavieng,-2.5744,150.7967,28.43,79,99,3.13,PG,1706697973
5,puerto ayora,-0.7393,-90.3518,24.92,88,73,5.33,EC,1706697973
6,saldanha,-33.0117,17.9442,28.03,79,76,6.69,ZA,1706697973
7,ilulissat,69.2167,-51.1,-20.99,45,0,4.63,GL,1706697974
8,nemuro,43.3236,145.575,-1.63,83,100,4.39,JP,1706697974
9,vorgashor,67.5833,63.95,-16.11,96,95,4.02,RU,1706697974
10,port-aux-francais,-49.35,70.2167,4.28,74,86,12.01,TF,1706697749
11,acarau,-2.8856,-40.12,28.05,75,52,4.23,BR,1706697975
12,loches,47.1333,1.0,12.27,83,75,1.03,FR,1706697975
13,quellon,-43.1167,-73.6167,13.91,93,94,3.58,CL,1706697976
14,tobelo,1.7284,128.0095,26.7,86,91,1.61,ID,1706697976
15,port elizabeth,-33.918,25.5701,27.4,73,0,5.66,ZA,1706697770
16,lambakin,14.75,120.8667,28.05,72,84,5.12,PH,1706697976
17,grytviken,-54.2811,-36.5092,4.81,54,43,3.31,GS,1706697976
18,sisimiut,66.9395,-53.6735,-18.22,85,100,2.74,GL,1706697761
19,jamestown,42.097,-79.2353,-0.23,100,0,2.57,US,1706697965
20,malvan,16.0667,73.4667,27.42,58,30,6.99,IN,1706697977
21,punta arenas,-53.15,-70.9167,8.06,87,75,4.63,CL,1706697756
22,bethel,41.3712,-73.414,0.57,83,100,2.06,US,1706697977
23,margaret river,-33.95,115.0667,21.11,71,2,6.34,AU,1706697748
24,sos'va,59.1766,61.8558,-6.64,91,77,1.79,RU,1706697978
25,albany,42.6001,-73.9662,-0.77,84,99,1.66,US,1706697760
26,lata,40.1629,-8.3327,15.6,53,89,1.05,PT,1706697979
27,kalabo,-14.97,22.6814,30.82,46,47,2.11,ZM,1706697979
28,prince rupert,54.3161,-130.3201,8.83,81,100,5.14,CA,1706697979
29,ginir,7.1333,40.7,25.83,32,91,5.01,ET,1706697979
30,praia da vitoria,38.7333,-27.0667,18.14,94,75,1.21,PT,1706697979
31,mulayjah,27.271,48.4242,23.97,32,2,5.04,SA,1706697984
32,palu,-0.8917,119.8707,25.47,96,88,0.69,ID,1706697984
33,olonkinbyen,70.9221,-8.7187,-3.72,68,100,11.8,SJ,1706697760
34,bilibino,68.0546,166.4372,-31.49,100,100,0.25,RU,1706697755
35,bantogon,6.5333,124.0333,25.67,82,100,1.38,PH,1706697985
36,west island,-12.1568,96.8225,29.99,66,100,1.54,CC,1706697768
37,selfoss,63.9331,-20.9971,-2.2,66,99,14.22,IS,1706697985
38,hamilton,39.1834,-84.5333,3.58,94,100,3.13,US,1706697819
39,sernovodsk,43.3117,45.1594,2.55,61,99,0.75,RU,1706697986
40,uturoa,-16.7333,-151.4333,28.65,79,100,3.37,PF,1706697986
41,forecariah,9.4306,-13.0881,32.65,39,38,0.78,GN,1706697986
42,thompson,55.7435,-97.8558,-7.91,93,100,4.63,CA,1706697737
43,whitehorse,60.7161,-135.0538,-7.57,53,100,0.0,CA,1706697785
44,chenzhou,25.8,113.0333,18.52,85,42,2.68,CN,1706697987
45,okhotsk,59.3833,143.3,-25.05,80,20,5.28,RU,1706697987
46,oodweyne,9.4092,45.064,31.18,21,52,4.84,SO,1706697987
47,kidal,18.4411,1.4078,24.36,17,1,8.91,ML,1706697987
48,bakanas,44.8081,76.2772,-1.46,76,100,5.62,KZ,1706697988
49,edinburgh of the seven seas,-37.0676,-12.3116,14.91,63,100,4.97,SH,1706697771
50,tiksi,71.6872,128.8694,-26.5,98,66,1.81,RU,1706697766
51,revda,56.801,59.9303,-3.8,88,98,3.16,RU,1706697988
52,challapata,-18.9,-66.7667,9.01,75,37,2.05,BO,1706697988
53,singkil,-7.9855,111.4161,26.4,89,100,0.42,ID,1706697989
54,sitka,57.0531,-135.33,1.94,69,75,4.12,US,1706697783
55,nabire,-3.3667,135.4833,26.32,89,80,1.37,ID,1706697753
56,chiang kham,19.5233,100.3,27.04,39,0,1.22,TH,1706697989
57,yellowknife,62.456,-114.3525,-11.71,85,100,1.03,CA,1706697755
58,east ballina,-28.8667,153.5833,23.69,75,5,4.72,AU,1706697990
59,puerto maldonado,-12.6,-69.1833,23.15,99,100,0.65,PE,1706697990
60,namdrik,5.5994,168.1028,27.87,83,100,9.31,MH,1706697990
61,happy valley-goose bay,53.3168,-60.3315,-10.83,57,75,3.09,CA,1706697990
62,tamanrasset,22.785,5.5228,17.95,12,0,7.2,DZ,1706697991
63,high rock,26.6208,-78.2833,19.01,64,90,5.33,BS,1706697991
64,valera,9.3178,-70.6036,21.61,69,27,1.98,VE,1706697991
65,saipan,15.1355,145.701,26.39,65,75,8.75,MP,1706697991
66,waitangi,-43.9535,-176.5597,17.68,98,100,0.89,NZ,1706697992
67,namtsy,62.7161,129.6658,-36.41,99,79,1.45,RU,1706697992
68,brawley,32.9787,-115.5303,13.71,66,0,2.06,US,1706697992
69,barra da estiva,-13.6261,-41.3269,22.23,64,75,1.06,BR,1706697992
70,la passe,45.5549,-0.8967,12.13,76,41,1.72,FR,1706697993
71,kahriz,34.3838,47.0553,11.04,40,40,3.09,IR,1706697993
72,laurens,32.4502,-82.9165,8.49,81,0,3.09,US,1706697993
73,georgetown,5.4112,100.3354,30.97,66,20,4.12,MY,1706697776
74,shimoda,34.6667,138.95,12.28,91,93,5.43,JP,1706697757
75,dilling,12.05,29.65,27.29,10,8,7.86,SD,1706697994
76,port lincoln,-34.7333,135.8667,17.07,78,0,6.42,AU,1706697784
77,polyarnyy,69.1989,33.4478,-1.06,81,100,11.4,RU,1706697994
78,ushuaia,-54.8,-68.3,7.81,81,0,1.54,AR,1706697670
79,iqaluit,63.7506,-68.5145,-34.15,68,0,13.38,CA,1706697746
80,puerto baquerizo moreno,-0.9,-89.6,24.96,86,72,6.24,EC,1706697781
81,enewetak,11.3474,162.3373,26.16,78,98,9.71,MH,1706697995
82,christchurch,-43.5333,172.6333,17.17,78,100,3.09,NZ,1706697723
83,bumba,2.1833,22.4667,37.54,19,84,1.02,CD,1706697995
84,arraial do cabo,-22.9661,-42.0278,25.92,94,75,1.54,BR,1706697996
85,cosne-cours-sur-loire,47.3333,3.1667,10.51,84,87,2.4,FR,1706697996
86,nizhniy kuranakh,58.8353,125.4869,-25.3,99,100,1.32,RU,1706697996
87,mount isa,-20.7333,139.5,25.87,83,100,4.63,AU,1706697996
88,port saint john's,-31.6229,29.5448,28.94,65,52,9.55,ZA,1706697786
89,thunder bay,48.4001,-89.3168,-4.01,100,75,1.03,CA,1706697756
90,yonago,35.4333,133.3333,8.93,81,75,0.51,JP,1706697997
91,arkhangel'sk,64.5401,40.5433,0.07,63,0,4.0,RU,1706697997
92,sergeyevka,53.88,67.4158,-15.57,96,39,1.64,KZ,1706697997
93,piotrkow kujawski,52.5511,18.4991,7.73,89,100,6.19,PL,1706697998
94,holualoa,19.6228,-155.9522,21.91,91,75,4.63,US,1706697749
95,hawaiian paradise park,19.5933,-154.9731,22.8,98,100,3.6,US,1706697768
96,constantia,44.1833,28.65,4.38,55,15,1.16,RO,1706697998
97,luderitz,-26.6481,15.1594,26.15,55,5,8.66,NA,1706697999
98,new norfolk,-42.7826,147.0587,17.72,61,99,1.74,AU,1706697999
99,bishkek,42.87,74.59,-2.89,90,100,1.87,KG,1706697999
100,kavaratti,10.5669,72.642,27.87,67,36,4.76,IN,1706697999
101,nadi,-17.8,177.4167,27.0,89,75,2.06,FJ,1706697792
102,qarazhal,48.0078,70.7903,-10.37,90,100,7.09,KZ,1706698000
103,isafjordur,66.0755,-23.124,-5.98,79,75,1.03,IS,1706698000
104,nanping,26.645,118.1736,19.16,88,60,1.43,CN,1706698000
105,saint-pierre,-21.3393,55.4781,28.82,74,0,11.83,RE,1706698000
106,haiku-pauwela,20.9219,-156.3051,21.13,89,100,1.34,US,1706698001
107,yokadouma,3.5167,15.05,36.87,11,100,2.59,CM,1706698001
108,crane,31.3974,-102.3501,10.8,51,82,2.86,US,1706697755
109,hanting,36.7708,119.2108,-1.93,66,100,6.89,CN,1706698001
110,ripanj,44.639,20.5204,3.84,37,2,0.7,RS,1706698002
111,port alfred,-33.5906,26.891,29.8,63,77,11.29,ZA,1706697756
112,badger,64.8,-147.5333,-30.86,73,40,0.0,US,1706697758
113,stanley,54.868,-1.6985,5.85,83,20,9.26,GB,1706697756
114,caleta de carquin,-11.0925,-77.6267,23.07,86,100,3.49,PE,1706698002
115,tazovsky,67.4667,78.7,-24.26,97,14,5.63,RU,1706698003
116,vadso,70.0744,29.7487,2.09,69,20,12.86,NO,1706697758
117,jingdezhen,29.2947,117.2079,15.14,96,96,1.36,CN,1706698003
118,misratah,32.3754,15.0925,15.04,46,57,6.37,LY,1706698003
119,kushikino,31.7167,130.2667,16.71,95,40,3.74,JP,1706698004
120,alofi,-19.0595,-169.9187,27.14,82,100,1.56,NU,1706698004
121,puerto aysen,-45.4,-72.7,14.35,100,100,1.62,CL,1706698004
122,alta,69.9689,23.2717,0.66,65,0,2.06,NO,1706698004
123,malabar,-33.9667,151.25,22.88,82,75,8.75,AU,1706698005
124,wailua homesteads,22.0669,-159.378,21.24,86,100,3.09,US,1706698005
125,ghat,24.9647,10.1728,13.74,30,0,3.66,LY,1706698005
126,iskateley,67.6803,53.1512,0.01,93,100,9.39,RU,1706697781
127,carnarvon,-24.8667,113.6333,29.8,58,7,11.69,AU,1706697772
128,dudinka,69.4058,86.1778,-17.99,84,92,9.39,RU,1706698007
129,uryupinsk,50.8047,42.0138,-0.22,94,93,1.91,RU,1706697961
130,ambon,-3.6954,128.1814,29.08,79,40,4.63,ID,1706698007
131,puerto natales,-51.7236,-72.4875,9.4,88,98,1.85,CL,1706697765
132,damaturu,11.747,11.9608,28.93,17,33,7.08,NG,1706698008
133,tsetserleg,47.475,101.4542,-21.44,95,24,1.04,MN,1706698008
134,chonchi,-42.6128,-73.8092,16.18,93,94,1.27,CL,1706698008
135,micheweni,-4.9667,39.8333,29.55,69,88,5.46,TZ,1706698008
136,sidney,-33.8679,151.2073,22.69,84,75,8.75,AU,1706697829
137,cidreira,-30.1811,-50.2056,21.7,84,10,3.13,BR,1706698009
138,luanco,43.6152,-5.7934,16.37,58,33,0.58,ES,1706698009
139,i-n-salah,27.1935,2.4607,19.22,25,0,9.57,DZ,1706698009
140,tolanaro,-25.0319,46.9987,28.04,74,75,8.23,MG,1706697782
141,maumere,-8.6199,122.2111,27.66,79,78,1.8,ID,1706697775
142,udachny,66.4167,112.4,-29.04,100,79,1.14,RU,1706697770
143,yuzhno-kurilsk,44.0306,145.8556,-2.01,71,100,3.87,RU,1706698010
144,nehe,48.4833,124.8333,-30.55,99,48,0.73,CN,1706698010
145,kegen,43.0197,79.2203,-9.38,97,100,0.83,KZ,1706698011
146,nola,40.922,14.5329,14.79,37,2,1.36,IT,1706698011
147,macherla,16.4833,79.4333,30.87,33,76,2.81,IN,1706698011
148,keflavik,64.0049,-22.5624,-1.05,74,75,16.46,IS,1706697761
149,hithadhoo,-0.6,73.0833,28.04,75,20,4.21,MV,1706698012
150,hermanus,-34.4187,19.2345,28.22,73,97,4.38,ZA,1706697776
151,kitimat,54.0524,-128.6534,5.21,64,100,1.34,CA,1706698012
152,luanda,-8.8368,13.2343,27.0,82,75,5.14,AO,1706698012
153,kashgar,39.4547,75.9797,-0.44,69,100,2.0,CN,1706698012
154,al matlin,37.2452,10.05,13.77,58,9,2.61,TN,1706698013
155,sterling,39.0062,-77.4286,3.49,80,100,0.0,US,1706697921
156,san patricio,28.017,-97.5169,12.92,77,100,0.93,US,1706698013
157,owen sound,44.5672,-80.9435,0.74,97,87,2.68,CA,1706697945
158,mar del plata,-38.0023,-57.5575,22.75,87,76,0.89,AR,1706697845
159,queenstown,-31.8976,26.8753,32.9,29,76,0.85,ZA,1706698014
160,danville,36.586,-79.395,4.36,90,100,2.57,US,1706697800
161,sorong,-0.8833,131.25,27.49,81,100,1.52,ID,1706698014
162,invercargill,-46.4,168.35,12.23,96,100,1.23,NZ,1706697766
163,avarua,-21.2078,-159.775,24.03,94,40,1.03,CK,1706697757
164,mumbwa,-14.9783,27.0619,25.9,62,15,2.15,ZM,1706698015
165,jayapura,-2.5333,140.7,26.66,90,100,2.42,ID,1706698015
166,talnakh,69.4865,88.3972,-18.22,74,95,3.93,RU,1706697752
167,katsuren-haebaru,26.3369,127.8719,23.43,80,0,3.6,JP,1706698015
168,inarajan village,13.2736,144.7484,26.54,82,33,10.31,GU,1706698016
169,vernon,50.2581,-119.2691,6.27,96,100,0.51,CA,1706698016
170,flying fish cove,-10.4217,105.6791,28.82,78,99,1.54,CX,1706698016
171,limbe,4.0242,9.2149,30.29,67,49,2.88,CM,1706698016
172,fada,9.5667,8.3,34.25,14,59,0.4,NG,1706697772
173,kone,-21.0595,164.8658,25.12,90,91,0.92,NC,1706698017
174,st. john's,47.5649,-52.7093,-4.01,86,100,8.94,CA,1706697763
175,cabo san lucas,22.8909,-109.9124,23.75,83,73,1.79,MX,1706697484
176,chalons-en-champagne,48.9539,4.3672,8.57,73,31,1.76,FR,1706698017
177,kodiak,57.79,-152.4072,-16.27,78,0,3.09,US,1706697481
178,hobyo,5.3505,48.5268,29.04,56,82,7.51,SO,1706698018
179,utrik,11.2278,169.8474,26.33,83,100,9.73,MH,1706697785
180,college,64.8569,-147.8028,-30.82,70,75,0.0,US,1706697590
181,la gi,10.6667,107.7833,24.69,86,80,6.15,VN,1706698018
182,scarborough,54.2797,-0.4044,4.25,83,95,5.81,GB,1706698019
183,souillac,-20.5167,57.5167,30.21,74,40,5.14,MU,1706698019
184,hauterive,46.0901,3.4459,11.66,73,97,0.62,FR,1706698019
185,touros,-5.1989,-35.4608,29.23,61,6,5.77,BR,1706698019
186,raja,8.4596,25.678,31.91,10,67,3.97,SS,1706698019
187,porbandar,21.6422,69.6093,27.99,61,20,5.14,IN,1706698020
188,qaqortoq,60.7167,-46.0333,-2.76,97,100,3.17,GL,1706697764
189,ribeira grande,38.5167,-28.7,15.99,82,40,1.03,PT,1706697762
190,morondava,-20.2833,44.2833,29.64,66,13,4.81,MG,1706698020
191,mangai,-4.05,19.5333,24.9,80,100,1.9,CD,1706698020
192,kill devil hills,36.0307,-75.676,8.32,91,75,3.6,US,1706697522
193,aasiaat,68.7098,-52.8699,-26.78,90,32,4.25,GL,1706698021
194,doaba,33.4244,70.7364,12.39,55,87,1.83,PK,1706698021
195,rongelap,11.1635,166.8941,26.47,74,100,10.06,MH,1706698021
196,kisangani,0.5167,25.2,36.16,33,94,1.07,CD,1706698022
197,salmon arm,50.6998,-119.3024,4.13,93,100,0.51,CA,1706698022
198,nizwa,22.9333,57.5333,29.53,28,83,5.19,OM,1706698022
199,kaifeng,34.7911,114.3483,4.67,70,100,7.46,CN,1706698022
200,mitsamiouli,-11.3847,43.2844,29.22,71,98,2.92,KM,1706698023
201,road town,18.4167,-64.6167,25.05,77,1,3.47,VG,1706698023
202,tawau,4.2498,117.8871,29.07,79,43,3.13,MY,1706698023
203,bredasdorp,-34.5322,20.0403,32.89,31,99,6.2,ZA,1706697773
204,lawang,-7.8353,112.6947,23.0,95,95,0.75,ID,1706698024
205,velikiy ustyug,60.7644,46.3106,-3.67,93,83,3.58,RU,1706697758
206,kristiansund,63.1115,7.732,9.36,40,40,5.14,NO,1706698024
207,nadym,65.5333,72.5167,-23.78,96,9,5.51,RU,1706698024
208,alegrete,-29.7831,-55.7919,20.98,62,0,3.6,BR,1706698024
209,betare oya,5.6,14.0833,36.62,11,53,2.06,CM,1706698025
210,krumovgrad,41.4667,25.65,6.69,45,7,5.8,BG,1706698025
211,palikir - national government center,6.9248,158.1611,27.41,69,75,2.57,FM,1706698025
212,papatowai,-46.5619,169.4708,10.86,92,75,1.38,NZ,1706697751
213,uspenskoye,44.8311,41.3927,1.87,67,93,1.18,RU,1706698026
214,olinda,-8.0089,-34.8553,25.85,89,40,1.03,BR,1706697938
215,breckenridge,32.7557,-98.9023,11.59,81,0,2.96,US,1706698026
216,bata,1.8639,9.7658,29.51,70,80,3.09,GQ,1706698026
217,nova sintra,14.8667,-24.7167,20.97,61,0,4.26,CV,1706698026
218,nakatunguru,-2.1167,33.0667,23.69,69,95,3.81,TZ,1706698027
219,pasuquin,18.3328,120.6177,26.97,69,75,1.03,PH,1706698027
220,douglas,41.3,-96.167,-0.01,93,0,2.57,US,1706698027
221,boende,-0.2167,20.8667,36.99,29,87,1.33,CD,1706698027
222,camana,-16.6228,-72.7111,22.57,86,100,2.31,PE,1706698028
223,melito di porto salvo,37.9222,15.7714,15.3,58,1,5.14,IT,1706698028
224,armacao de buzios,-22.7469,-41.8817,26.03,89,100,1.26,BR,1706698028
225,el calafate,-50.3408,-72.2768,10.07,70,73,2.35,AR,1706698028
226,gondia,21.45,80.2,28.38,29,100,3.05,IN,1706698028
227,izhevsk,56.85,53.2333,-0.49,84,99,4.92,RU,1706697975
228,illizi,26.4833,8.4667,13.89,22,0,9.03,DZ,1706698029
229,fort bragg,35.139,-79.006,7.68,92,100,2.06,US,1706697804
230,tralee,52.2704,-9.7026,11.14,82,40,11.83,IE,1706698029
231,buritis,-15.6178,-46.4233,22.56,91,100,0.4,BR,1706698029
232,afaahiti,-17.75,-149.2833,26.82,81,54,3.05,PF,1706697758
233,longyearbyen,78.2186,15.6401,-8.09,67,75,8.23,SJ,1706698030
234,noosa heads,-26.3833,153.15,26.73,77,49,9.44,AU,1706698030
235,petrozavodsk,61.7849,34.3469,-1.3,86,40,5.0,RU,1706698030
236,ola,59.5833,151.2833,-25.47,88,56,2.86,RU,1706697759
237,alice springs,-23.7,133.8833,32.9,14,11,5.66,AU,1706698031
238,buulobarde,3.8538,45.5674,35.79,20,80,6.49,SO,1706698031
239,roslavl',53.9528,32.8639,0.23,92,100,3.65,RU,1706698031
240,thurgoona,-36.0451,146.9919,25.36,98,0,2.24,AU,1706698032
241,taoudenni,22.6783,-3.9836,24.03,17,0,5.01,ML,1706698032
242,devarkonda,16.7,78.9333,30.55,27,43,2.81,IN,1706698032
243,korla,41.7597,86.1469,-2.23,70,100,0.37,CN,1706698032
244,cill airne,52.05,-9.5167,11.03,82,40,11.83,IE,1706698033
245,kamareddi,18.3167,78.35,31.15,22,16,2.62,IN,1706698033
246,dukhan,25.4297,50.7858,21.8,58,77,2.53,QA,1706698033
247,walvis bay,-22.9575,14.5053,25.53,57,0,1.03,NA,1706698033
248,sitia,35.2,26.0986,9.99,66,89,9.1,GR,1706698034
249,tura,25.5198,90.2201,21.57,41,26,0.92,IN,1706698034
250,dartmouth,44.6713,-63.5772,-7.25,84,43,4.02,CA,1706698017
251,jalostotitlan,21.2,-102.4667,15.05,37,100,0.65,MX,1706698034
252,morehead city,34.7229,-76.726,9.43,87,0,2.68,US,1706698035
253,tutoia,-2.7619,-42.2744,27.74,82,47,4.63,BR,1706698035
254,marion,39.7684,-86.1555,3.19,95,100,4.63,US,1706698035
255,devonport,-41.1667,146.35,18.94,57,74,0.89,AU,1706698035
256,jumla,29.2747,82.1838,7.69,42,13,3.29,NP,1706698035
257,sola,-13.8833,167.55,28.47,72,62,3.3,VU,1706698036
258,kaspiyskiy,45.3929,47.3707,0.78,81,99,3.74,RU,1706698036
259,east london,-33.0153,27.9116,28.52,69,0,7.2,ZA,1706698036
260,ancud,-41.8697,-73.8203,14.0,95,53,2.3,CL,1706697763
261,serdar,38.9764,56.2757,7.3,41,11,4.81,TM,1706698037
262,kyaikto,17.3,97.0167,27.49,58,1,3.22,MM,1706698037
263,port isabel,26.0734,-97.2086,16.68,88,0,0.0,US,1706697901
264,taksimo,56.3444,114.8794,-29.68,92,29,0.87,RU,1706698037
265,san antonio de pale,-1.4014,5.6325,28.21,75,73,2.64,GQ,1706698038
266,spoleto,42.7448,12.7374,13.88,38,92,0.96,IT,1706698038
267,prince george,53.9166,-122.753,1.69,75,75,5.66,CA,1706697937
268,lower sackville,44.7733,-63.6885,-7.49,88,100,4.12,CA,1706698039
269,san luis de la loma,17.2706,-100.8939,23.64,81,100,2.19,MX,1706698039
270,leava,-14.3,-178.1667,29.05,79,100,4.85,WF,1706698039
271,zaozersk,69.4005,32.4476,-2.02,85,100,11.95,RU,1706697778
272,remire-montjoly,4.9167,-52.2667,26.02,94,75,1.54,GF,1706697769
273,blida,36.47,2.8277,16.42,55,81,1.17,DZ,1706698040
274,castillos,-34.1667,-53.8333,20.9,65,6,1.91,UY,1706698040
275,maun,-19.9833,23.4167,28.98,58,0,5.66,BW,1706698040
276,kotabumi,-4.8333,104.9,25.66,91,88,2.55,ID,1706698040
277,wuchuan,21.4571,110.7659,20.24,87,46,4.48,CN,1706698040
278,cambria,35.5641,-121.0808,12.77,98,90,2.24,US,1706698041
279,nuuk,64.1835,-51.7216,-8.66,86,100,14.92,GL,1706697894
280,meadow lake,34.8014,-106.5436,9.37,42,96,1.38,US,1706698041
281,fort st. john,56.2499,-120.8529,-0.06,74,40,3.6,CA,1706698041
282,yeppoon,-23.1333,150.7333,26.88,82,99,8.05,AU,1706698041
283,kiffa,16.6166,-11.4045,27.49,9,0,6.42,MR,1706698042
284,salekhard,66.53,66.6019,-15.93,97,100,2.15,RU,1706698042
285,rocky mountain house,52.3668,-114.9188,-4.94,93,73,3.09,CA,1706698042
286,coyhaique,-45.5752,-72.0662,14.34,82,90,2.06,CL,1706697754
287,kawambwa,-9.7915,29.0791,23.46,77,23,2.02,ZM,1706698043
288,margate,51.3813,1.3862,8.83,72,22,3.58,GB,1706698043
289,kandahar,31.0,65.75,12.6,30,100,8.56,AF,1706698043
290,bandarban,22.1965,92.2262,21.84,42,98,1.75,BD,1706698043
291,floro,61.5996,5.0328,5.98,87,75,19.55,NO,1706698043
292,karaton,-6.3424,106.1045,25.54,88,100,0.34,ID,1706698044
293,masterton,-40.9597,175.6575,15.61,97,30,0.72,NZ,1706698044
294,senanga,-16.1167,23.2667,31.97,34,32,3.34,ZM,1706698044
295,talakan,50.3167,130.3667,-27.26,100,99,2.1,RU,1706698045
296,el centro,32.792,-115.563,11.99,66,0,2.06,US,1706697907
297,muravlenko,63.7898,74.523,-23.43,99,64,4.77,RU,1706698045
298,bandon,51.7469,-8.7425,9.77,89,100,9.15,IE,1706698045
299,smara,26.7384,-11.6719,22.29,20,12,8.42,EH,1706697763
300,papao,-17.75,-149.55,27.56,83,45,2.36,PF,1706698046
301,mora,11.0461,14.1401,28.31,12,37,4.31,CM,1706698046
302,pingshan,22.9938,114.7131,20.78,85,37,2.5,CN,1706698046
303,durgapur,23.4833,87.3167,25.16,44,40,1.54,IN,1706698046
304,ataq,14.5377,46.8319,28.14,29,44,7.37,YE,1706698047
305,mount pearl,47.5166,-52.7813,-4.47,87,100,5.14,CA,1706698047
306,susuman,62.7833,148.1667,-28.9,98,100,1.34,RU,1706697773
307,portarlington,53.1622,-7.1911,9.55,84,100,8.49,IE,1706698047
308,karratha,-20.7377,116.8463,29.73,58,67,6.22,AU,1706698048
309,derbent,42.0678,48.2899,3.5,63,97,1.44,RU,1706698048
310,axim,4.8699,-2.2405,30.27,62,6,2.6,GH,1706698048
311,anadyr,64.75,177.4833,-35.56,66,20,2.0,RU,1706697757
312,goundam,16.4145,-3.6708,26.97,12,100,7.26,ML,1706698048
313,fuglafjordur,62.244,-6.814,5.26,90,95,26.27,FO,1706698049
314,atafu village,-8.5421,-172.5159,29.27,68,65,2.63,TK,1706697753
315,hammerfest,70.6634,23.6821,0.25,93,40,9.26,NO,1706697779
316,turochak,52.2576,87.1224,-9.11,95,100,0.81,RU,1706698049
317,malegaon,20.55,74.5333,30.43,16,54,4.75,IN,1706698050
318,ephraim,39.3597,-111.5863,3.48,62,0,2.29,US,1706698050
319,tezu,27.9167,96.1667,17.71,48,89,0.45,IN,1706698050
320,chibougamau,49.9168,-74.3659,-5.21,93,100,5.66,CA,1706698050
321,vilyuysk,63.7553,121.6247,-35.56,100,86,1.34,RU,1706698050
322,fale old settlement,-9.3852,-171.2468,29.14,72,77,3.36,TK,1706698051
323,xilin hot,43.9667,116.0333,-26.92,94,4,1.25,CN,1706698051
324,port mathurin,-19.6833,63.4167,28.04,78,76,8.83,MU,1706697756
325,lebu,-37.6167,-73.65,14.17,84,6,5.14,CL,1706697778
326,mumford,5.2618,-0.759,29.13,66,30,3.92,GH,1706698052
327,verkhniy baskunchak,48.2256,46.7217,0.19,97,57,2.64,RU,1706698052
328,lompoc,34.6391,-120.4579,14.4,87,0,0.89,US,1706698052
329,ouled mimoun,34.9047,-1.0339,9.01,40,49,0.97,DZ,1706698052
330,al ghayzah,16.2079,52.176,27.4,66,61,6.42,YE,1706698052
331,lihue,21.9789,-159.3672,21.58,85,100,3.09,US,1706698053
332,tofol,5.3248,163.0078,28.04,75,100,8.27,FM,1706698053
333,copiapo,-27.3667,-70.3333,14.83,76,0,1.01,CL,1706698053
334,saint john,45.2727,-66.0677,-8.0,85,100,1.03,CA,1706697918
335,darnah,32.767,22.6367,11.3,74,100,13.5,LY,1706698053
336,greymouth,-42.4667,171.2,16.11,86,89,1.25,NZ,1706697751
337,bay harbor,30.1471,-85.6146,13.88,84,86,2.24,US,1706698054
338,lazaro cardenas,17.9583,-102.2,24.59,71,100,1.51,MX,1706698054
339,tindouf,27.6711,-8.1474,15.25,44,0,8.23,DZ,1706698054
340,nallihan,40.1859,31.3518,5.28,43,1,1.23,TR,1706698055
341,inhambane,-23.865,35.3833,28.52,64,21,5.16,MZ,1706697767
342,nizao,18.25,-70.2,23.04,85,16,4.9,DO,1706698055
343,banlung,13.7468,107.0045,26.51,45,39,1.37,KH,1706698055
344,petropavlovsk-kamchatsky,53.0452,158.6483,-12.53,70,0,4.0,RU,1706698055
345,amontada,-3.3617,-39.8317,29.43,65,10,2.4,BR,1706698056
346,vilyuchinsk,52.9306,158.4028,-11.71,73,100,3.87,RU,1706697759
347,male,4.1748,73.5089,27.54,75,77,3.62,MV,1706698056
348,kendari,-3.945,122.4989,26.27,88,92,1.4,ID,1706698056
349,ciudad lazaro cardenas,17.9583,-102.2,24.59,71,100,1.51,MX,1706698057
350,misawa,40.6836,141.3597,5.89,87,29,3.11,JP,1706698057
351,senirkent,38.1044,30.5486,6.03,58,59,4.86,TR,1706698057
352,kasongo,-4.45,26.6667,26.44,68,100,0.9,CD,1706698057
353,coahuayana de hidalgo,18.7,-103.6583,23.4,87,100,1.78,MX,1706698058
354,hafar al-batin,28.4328,45.9708,20.32,32,0,2.06,SA,1706698058
355,togur,58.3631,82.8265,-13.26,95,100,3.49,RU,1706698058
356,fuyuan,46.4333,127.0833,-27.83,99,81,2.22,CN,1706698058
357,broome,42.2506,-75.833,-0.26,92,100,0.0,US,1706698058
358,coquimbo,-29.9533,-71.3436,16.85,94,100,1.54,CL,1706698059
359,pandan,14.0453,124.1694,25.17,82,100,6.02,PH,1706698059
360,aksu,41.1231,80.2644,0.15,63,100,1.96,CN,1706698059
361,nogliki,51.8333,143.1667,-24.25,98,51,2.24,RU,1706697856
362,cole harbour,44.6724,-63.4751,-7.29,84,48,4.02,CA,1706698060
363,vanino,49.0869,140.2543,-15.6,92,99,1.39,RU,1706698060
364,le port,-20.9373,55.2919,30.98,78,24,0.4,RE,1706698060
365,minatitlan,17.9833,-94.5167,14.93,87,28,1.63,MX,1706698060
366,gaspe,48.8334,-64.4819,-12.05,84,0,1.03,CA,1706698060
367,cuito,-12.3833,16.9333,23.88,62,75,2.53,AO,1706698061
368,akureyri,65.6835,-18.0878,-4.04,63,20,0.0,IS,1706698061
369,acapulco de juarez,16.8634,-99.8901,23.69,84,83,1.76,MX,1706698061
370,taghazout,30.5426,-9.7112,25.43,27,100,5.56,MA,1706698061
371,santa cruz de barahona,18.2085,-71.1008,22.22,86,24,1.83,DO,1706698061
372,dolores,-36.3132,-57.6792,26.36,39,69,2.83,AR,1706698062
373,tazacorte,28.629,-17.9293,22.86,28,0,3.6,ES,1706698062
374,fort mcmurray,56.7268,-111.381,4.73,60,0,7.2,CA,1706698062
375,cockburn town,21.4612,-71.1419,23.28,59,18,2.2,TC,1706697823
376,simenqian,27.4872,110.8861,11.87,98,100,0.98,CN,1706698063
377,weno,7.4515,151.8468,27.97,74,100,4.63,FM,1706697777
378,valjevo,44.2751,19.8982,3.77,37,0,1.87,RS,1706698063
379,cadale,2.7603,46.3222,28.59,68,60,7.02,SO,1706698063
380,marka,1.7159,44.7717,30.15,60,90,7.2,SO,1706698064
381,'ali al gharbi,32.4633,46.6864,20.84,25,1,5.75,IQ,1706698064
382,ust-nera,64.5667,143.2,-27.28,99,100,1.96,RU,1706697749
383,tual,-5.6667,132.75,28.45,80,81,6.88,ID,1706697772
384,impfondo,1.6381,18.0667,39.47,15,100,1.84,CG,1706698064
385,amurzet,47.6967,131.0981,-27.17,94,71,2.55,RU,1706698065
386,laguna,38.421,-121.4238,16.16,87,0,2.57,US,1706698065
387,launceston,-41.45,147.1667,20.8,45,100,5.66,AU,1706698065
388,mount pleasant,32.7941,-79.8626,8.88,93,100,0.0,US,1706698065
389,codrington,-38.2667,141.9667,14.86,86,12,3.77,AU,1706698065
390,lushun,38.8,121.2667,-7.88,56,73,11.56,CN,1706698066
391,galveston,29.3669,-94.9669,11.98,84,0,2.06,US,1706698066
392,kotel'nikovo,47.6317,43.1461,-0.05,91,86,1.85,RU,1706698066
393,klyuchi,52.2667,79.1667,-7.85,88,95,3.54,RU,1706698066
394,tyukhtet,56.5389,89.3011,-18.0,97,91,2.29,RU,1706698067
395,lerwick,60.1545,-1.1494,8.0,88,100,19.62,GB,1706698067
396,dunedin,-45.8742,170.5036,14.33,84,64,1.34,NZ,1706698060
397,vila velha,-20.3297,-40.2925,23.3,94,0,3.09,BR,1706698067
398,howrah,22.5892,88.3103,25.0,73,75,2.57,IN,1706698067
399,achacachi,-16.05,-68.6833,7.79,85,100,1.42,BO,1706698068
400,ust'-ilimsk,58.0006,102.6619,-25.31,95,27,0.89,RU,1706698068
401,thornton,39.868,-104.9719,6.84,45,0,2.06,US,1706697840
402,kayangel,8.0823,134.7173,27.45,84,15,8.97,PW,1706698068
403,namibe,-15.1961,12.1522,28.32,67,6,4.53,AO,1706698068
404,tshabong,-26.05,22.45,30.01,41,97,6.91,BW,1706698069
405,tanvald,50.7374,15.3059,4.83,85,88,1.79,CZ,1706698069
406,shingu,33.7333,135.9833,12.37,96,98,1.03,JP,1706697785
407,colares,38.7992,-9.4469,15.74,82,0,6.71,PT,1706698069
408,nguigmi,14.2495,13.1092,25.36,20,18,8.69,NE,1706698069
409,bellegarde-sur-valserine,46.1079,5.8242,9.39,59,94,0.33,FR,1706698070
410,aur,8.1499,171.1687,26.1,86,100,8.7,MH,1706698070
411,ceerigaabo,10.6162,47.368,24.4,25,61,2.77,SO,1706698070
412,wainwright,52.839,-110.8572,-3.0,87,42,0.63,CA,1706698071
413,bel ombre,-4.6167,55.4167,31.91,66,20,5.66,SC,1706698071
414,pionerskiy,54.9508,20.2275,5.91,95,100,9.44,RU,1706698071
415,kudahuvadhoo,2.6708,72.8944,27.63,75,65,4.69,MV,1706698071
416,skagen,57.7209,10.5839,4.8,86,79,12.95,DK,1706698071
417,ujae,8.9322,165.7642,27.07,78,100,10.02,MH,1706698072
418,rock springs,41.5875,-109.2029,-3.31,92,100,2.06,US,1706697969
419,filadelfia,39.9523,-75.1638,2.81,90,100,3.6,US,1706697957
420,kapuskasing,49.4169,-82.4331,1.05,86,100,5.14,CA,1706697750
421,kragero,58.8693,9.4149,4.14,83,87,8.83,NO,1706698073
422,gadzhiyevo,69.2551,33.3362,-1.45,82,100,11.86,RU,1706698073
423,mitu,1.1983,-70.1733,23.37,90,100,0.42,CO,1706698073
424,burang,30.25,81.1667,-4.97,53,23,4.96,CN,1706698074
425,ivolginsk,51.7492,107.2837,-25.78,70,23,2.0,RU,1706698074
426,canutama,-6.5339,-64.3831,24.36,94,96,1.13,BR,1706698074
427,midvagur,62.0511,-7.1939,5.46,87,100,10.29,FO,1706697759
428,izluchinsk,60.9794,76.9242,-13.89,94,100,5.62,RU,1706698074
429,greenland,43.0362,-70.8328,-2.3,86,100,0.0,US,1706698075
430,kailua-kona,19.6406,-155.9956,23.98,91,75,4.63,US,1706697475
431,greenville,35.6127,-77.3663,4.52,94,100,0.0,US,1706697499
432,massa marittima,43.049,10.8928,13.64,76,63,1.32,IT,1706698075
433,siwa oasis,29.2041,25.5195,13.92,39,7,9.09,EG,1706698075
434,kununurra,-15.7667,128.7333,30.99,79,98,3.6,AU,1706697748
435,kingston,17.997,-76.7936,23.53,86,20,4.63,JM,1706697912
436,saint-philippe,-21.3585,55.7679,28.77,79,26,6.05,RE,1706698076
437,santona,43.4439,-3.4576,14.17,61,77,1.18,ES,1706698076
438,itaituba,-4.2761,-55.9836,24.15,98,100,0.4,BR,1706698077
439,tokar,18.4254,37.729,24.8,55,84,6.65,SD,1706698077
440,taulaga,-11.0553,-171.0883,29.44,68,89,1.96,AS,1706698077
441,eyl,7.9803,49.8164,28.81,49,23,7.59,SO,1706698077
442,verkhnevilyuysk,63.4453,120.3167,-32.6,100,99,1.41,RU,1706698077
443,bodmin,50.4715,-4.7243,9.49,93,75,5.66,GB,1706698078
444,donggang,28.9365,114.2259,13.69,96,94,0.71,CN,1706698078
445,nushki,29.5542,66.0215,14.78,28,4,4.49,PK,1706698078
446,dhuusamarreeb,5.535,46.3861,33.83,20,99,6.52,SO,1706698078
447,antsiranana,-12.2787,49.2917,32.42,62,40,5.14,MG,1706698078
448,grande prairie,55.1667,-118.8027,-6.9,93,0,2.06,CA,1706698079
449,hotan,37.0997,79.9269,0.38,51,100,3.2,CN,1706698079
450,phan rang-thap cham,11.5667,108.9833,23.98,86,42,3.89,VN,1706697978
451,porto novo,6.4965,2.6036,29.9,43,44,1.94,BJ,1706697765
452,malanje,-9.5402,16.341,19.51,98,100,1.87,AO,1706698079
453,hanford,36.3275,-119.6457,14.05,89,0,1.54,US,1706697878
454,kerikeri,-35.2268,173.9474,19.39,85,9,2.85,NZ,1706698080
455,indore,22.7179,75.8333,24.1,46,40,2.57,IN,1706697931
456,kayenta,36.7278,-110.2546,4.03,64,0,1.12,US,1706698080
457,choele choel,-39.2667,-65.6833,26.72,20,1,4.77,AR,1706698081
458,taltal,-25.4,-70.4833,19.51,87,52,1.47,CL,1706697620
459,altamira,-3.2033,-52.2064,25.05,100,75,0.51,BR,1706698081
460,monywa,22.1167,95.1333,25.59,39,62,1.85,MM,1706698082
461,viedma,-40.8135,-62.9967,24.71,54,67,3.27,AR,1706698082
462,ilovlya,49.3033,43.9796,-0.3,92,58,0.99,RU,1706698082
463,krokek,58.6667,16.4,2.92,87,40,5.66,SE,1706698082
464,lugus,5.7036,120.8203,27.23,84,97,3.76,PH,1706698083
465,el nido,11.1858,119.3956,26.86,79,69,7.74,PH,1706698083
466,qashyr,53.0675,76.1036,-8.6,96,94,2.99,KZ,1706698083
467,gora,51.6664,16.5349,8.99,82,97,5.84,PL,1706698083
468,yatou,37.15,122.3833,0.66,76,100,7.99,CN,1706698084
469,korsakov,46.6328,142.7813,-10.09,94,100,4.84,RU,1706698084
470,kimbe,-5.5502,150.1429,26.31,90,83,0.77,PG,1706698084
471,kharp,66.8014,65.8081,-18.91,100,100,0.81,RU,1706698084
472,dubbo,-32.25,148.6167,30.07,19,3,4.63,AU,1706698085
473,umluj,25.0213,37.2685,20.03,49,0,7.21,SA,1706698085
474,saint-francois,46.4154,3.9054,11.47,92,100,1.03,FR,1706698085
475,tarare,45.8976,4.4327,8.22,88,97,0.89,FR,1706698085
476,darwin,-12.4611,130.8418,29.47,84,40,4.63,AU,1706697662
477,labasa,-16.4167,179.3833,25.92,94,100,1.87,FJ,1706698086
478,huancayo,-12.0667,-75.2333,9.8,89,100,0.81,PE,1706698086
479,salinopolis,-0.6136,-47.3561,26.96,86,72,4.52,BR,1706698086
480,egilsstadir,65.2653,-14.3948,-4.05,86,0,2.06,IS,1706697751
481,aswan,24.0934,32.907,16.61,25,0,4.12,EG,1706698087
482,zayed city,24.3768,54.589,30.08,30,0,3.6,AE,1706698087
483,zlatoust,55.1711,59.6508,-6.12,91,100,2.24,RU,1706698087
484,byron bay,-28.65,153.6167,23.12,79,6,4.4,AU,1706698087
485,trinidad,-14.8333,-64.9,23.99,94,40,0.0,BO,1706698088
486,newport,51.5877,-2.9984,8.16,85,97,6.61,GB,1706698088
487,thinadhoo,0.5333,72.9333,28.06,76,48,4.08,MV,1706698088
488,chelno-vershiny,54.4333,51.1,-4.74,93,65,3.86,RU,1706698089
489,pangoa,-12.1167,-73.0,20.76,99,100,1.12,PE,1706698089
490,gagliano del capo,39.8442,18.3695,12.36,50,20,10.29,IT,1706698089
491,kismayo,-0.3582,42.5454,29.66,64,99,6.99,SO,1706698089
492,merizo village,13.2658,144.6691,26.31,82,30,10.17,GU,1706698090
493,pierre,44.3683,-100.351,3.51,87,0,4.12,US,1706698090
494,hilo,19.7297,-155.09,23.49,98,100,7.72,US,1706698090
495,tabora,-5.0167,32.8,22.66,73,100,0.95,TZ,1706698090
496,al majaridah,19.1236,41.9111,25.31,67,94,2.57,SA,1706698091
497,usinsk,65.9939,57.5281,-9.86,96,90,5.49,RU,1706698091
498,abancay,-13.6339,-72.8814,15.11,93,100,0.93,PE,1706698040
499,loutraki,37.9783,22.9778,10.38,69,95,8.09,GR,1706698092
500,san andres,12.5847,-81.7006,27.01,78,75,5.66,CO,1706698092
501,isangel,-19.55,169.2667,25.74,84,82,2.79,VU,1706697780
502,tromso,69.6496,18.957,1.01,75,75,1.03,NO,1706698092
503,puerto lempira,15.2667,-83.7667,23.84,72,96,6.14,HN,1706698092
504,tucurui,-3.7661,-49.6725,25.47,88,80,1.29,BR,1706698093
505,kokopo,-4.352,152.2633,26.82,82,100,4.04,PG,1706698093
506,puerto yuca,2.9383,-73.2083,23.14,65,81,0.15,CO,1706698093
507,conception bay south,47.4999,-52.9981,-4.14,87,97,6.3,CA,1706697905
508,callao,-12.0667,-77.15,25.95,73,40,4.63,PE,1706697845
509,maintirano,-18.0667,44.0167,29.63,64,32,4.73,MG,1706698094
510,gospic,44.5461,15.3747,7.83,35,97,1.25,HR,1706698094
511,pehowa,29.9833,76.5833,23.34,30,60,3.2,IN,1706698094
512,alesund,62.4723,6.1549,8.75,68,75,12.35,NO,1706697769
513,levuka,50.1834,-105.4011,2.85,75,75,1.54,CA,1706698095
514,pindwara,24.8,73.0667,26.03,34,58,4.67,IN,1706698095
515,musoma,-1.5,33.8,25.05,63,88,4.92,TZ,1706698095
516,itarantim,-15.6597,-40.0656,24.86,76,98,1.4,BR,1706698096
517,fort irwin,35.2627,-116.6848,5.9,75,0,0.0,US,1706698096
518,port macquarie,-31.4333,152.9167,22.72,81,1,1.27,AU,1706697920
519,aykhal,66.0,111.5,-25.03,100,89,1.55,RU,1706698096
520,alo,7.4178,6.7371,37.6,14,81,1.68,NG,1706697775
521,colonia,50.9333,6.95,8.1,84,100,1.03,DE,1706698097
522,wanganui,-39.9333,175.05,15.89,98,5,0.45,NZ,1706698097
523,champerico,14.3,-91.9167,24.5,77,0,1.72,GT,1706698097
524,mammoth lakes,37.6485,-118.9721,-2.08,86,40,1.54,US,1706698098
525,peniche,39.3558,-9.3811,16.63,79,91,4.66,PT,1706698098
526,san jose del cabo,23.0589,-109.6977,23.74,83,61,1.44,MX,1706698098
527,tropea,38.6754,15.8948,12.61,62,1,1.89,IT,1706698098
528,wynyard,-41.0,145.7167,14.71,67,73,5.67,AU,1706698099
529,sanand,22.9833,72.3833,27.12,34,100,4.38,IN,1706698099
530,valdivia,-39.8142,-73.2459,8.05,90,3,0.68,CL,1706698099
531,beltangadi,13.9833,75.3,30.83,22,62,5.38,IN,1706698099
532,ati,13.2154,18.3353,29.98,12,0,7.58,TD,1706698099
533,igarka,67.4667,86.5833,-23.45,79,37,5.2,RU,1706698100
534,ta`u,-14.2336,-169.5144,28.9,74,100,2.79,AS,1706698100
535,mon,26.75,95.1,13.05,85,29,1.22,IN,1706698100
536,nouadhibou,20.931,-17.0347,20.99,30,0,6.69,MR,1706698100
537,malmberget,67.1753,20.6549,-0.69,74,20,2.06,SE,1706698101
538,bubaque,11.2833,-15.8333,25.65,61,94,1.83,GW,1706698101
539,ust'-uda,54.1742,103.0304,-27.87,99,6,0.7,RU,1706698101
540,menongue,-14.6585,17.691,29.94,39,71,3.53,AO,1706698101
541,upata,8.0086,-62.3989,22.88,91,99,2.55,VE,1706698101
542,port lavaca,28.615,-96.6261,11.1,93,0,0.0,US,1706698102
543,pacific grove,36.6177,-121.9166,13.38,88,0,4.02,US,1706698102
544,mirpur sakro,24.5474,67.6277,26.23,49,66,7.54,PK,1706698102
545,guamal,9.1433,-74.2238,23.02,95,58,1.3,CO,1706698103
546,santa terezinha,-29.9002,-50.0904,21.95,75,0,3.15,BR,1706698103
547,at-bashi,41.1702,75.8106,-9.09,94,100,0.98,KG,1706698103
548,wotho,10.1657,166.0102,26.65,76,100,9.97,MH,1706698103
549,cox's bazar,21.4532,91.9798,21.93,54,41,4.21,BD,1706698103
550,akrehamn,59.2667,5.1833,6.34,81,75,11.83,NO,1706698104
551,banjar,-8.19,114.9675,26.71,88,87,0.7,ID,1706698104
552,solleftea,63.1667,17.2667,-17.08,89,72,0.83,SE,1706698104
553,pisco,-13.7,-76.2167,23.03,83,100,2.06,PE,1706697751
554,sinabang,2.4803,96.3801,28.95,72,72,1.94,ID,1706698105
555,oamaru,-45.0784,170.9801,14.65,83,74,1.5,NZ,1706698105
556,muroto-misakicho,33.2833,134.15,15.94,90,100,0.85,JP,1706698105
557,kotlas,61.2611,46.6556,-2.75,92,54,2.24,RU,1706698105
558,usogorsk,63.4106,48.6872,-0.74,93,99,3.26,RU,1706698105
559,el granada,37.5027,-122.4694,16.01,73,75,8.23,US,1706698106
560,paramonga,-10.6667,-77.8333,22.95,88,100,2.91,PE,1706697773
561,whakatane,-37.9585,176.9854,20.43,90,56,2.13,NZ,1706698106
562,shukat as sufi,31.26,34.2826,15.64,48,5,4.09,PS,1706698106
563,portland,45.5234,-122.6762,13.12,80,100,7.72,US,1706697300
564,sarmiento,-45.5882,-69.07,18.45,52,99,7.84,AR,1706698107
565,halifax,44.6453,-63.5724,-7.0,84,44,4.02,CA,1706697798
566,valparaiso,-33.0393,-71.6273,22.3,76,100,1.54,CL,1706698107
567,cooper's town,26.8667,-77.5167,20.9,53,100,5.74,BS,1706697774
568,colon,9.3592,-79.9014,22.17,88,67,3.58,PA,1706698108
569,sabang,5.8933,95.3214,27.86,75,45,8.34,ID,1706698108
570,al jawf,29.5,38.75,15.14,30,0,3.41,SA,1706698108
571,puerto penasco,31.3167,-113.5333,18.18,55,15,1.73,MX,1706698108
